rep,training_size,model,RelL2,beta_star
0,20,Convex only,0.5451,
0,40,Convex only,0.4440,
0,60,Convex only,0.3898,
0,80,Convex only,0.3481,
0,100,Convex only,0.3505,
0,120,Convex only,0.3304,
0,140,Convex only,0.2973,
0,160,Convex only,0.2823,
0,180,Convex only,0.2765,
0,200,Convex only,0.2687,
1,20,Convex only,0.6073,
1,40,Convex only,0.4386,
1,60,Convex only,0.3914,
1,80,Convex only,0.3496,
1,100,Convex only,0.3415,
1,120,Convex only,0.3403,
1,140,Convex only,0.3242,
1,160,Convex only,0.2716,
1,180,Convex only,0.2711,
1,200,Convex only,0.2707,
2,20,Convex only,0.4565,
2,40,Convex only,0.4328,
2,60,Convex only,0.3776,
2,80,Convex only,0.3406,
2,100,Convex only,0.3052,
2,120,Convex only,0.2879,
2,140,Convex only,0.2896,
2,160,Convex only,0.2864,
2,180,Convex only,0.2723,
2,200,Convex only,0.2702,
3,20,Convex only,0.4999,
3,40,Convex only,0.4163,
3,60,Convex only,0.4275,
3,80,Convex only,0.3799,
3,100,Convex only,0.3771,
3,120,Convex only,0.3401,
3,140,Convex only,0.3022,
3,160,Convex only,0.2955,
3,180,Convex only,0.2860,
3,200,Convex only,0.2836,
4,20,Convex only,0.4930,
4,40,Convex only,0.4604,
4,60,Convex only,0.3973,
4,80,Convex only,0.3692,
4,100,Convex only,0.3698,
4,120,Convex only,0.3382,
4,140,Convex only,0.3172,
4,160,Convex only,0.2973,
4,180,Convex only,0.3002,
4,200,Convex only,0.2852,
5,20,Convex only,0.5467,
5,40,Convex only,0.4015,
5,60,Convex only,0.3662,
5,80,Convex only,0.3560,
5,100,Convex only,0.3190,
5,120,Convex only,0.3206,
5,140,Convex only,0.3072,
5,160,Convex only,0.2951,
5,180,Convex only,0.2749,
5,200,Convex only,0.2658,
6,20,Convex only,0.4391,
6,40,Convex only,0.4130,
6,60,Convex only,0.4035,
6,80,Convex only,0.3966,
6,100,Convex only,0.3644,
6,120,Convex only,0.3354,
6,140,Convex only,0.3029,
6,160,Convex only,0.2826,
6,180,Convex only,0.2811,
6,200,Convex only,0.2650,
7,20,Convex only,0.3582,
7,40,Convex only,0.4584,
7,60,Convex only,0.4030,
7,80,Convex only,0.3828,
7,100,Convex only,0.3610,
7,120,Convex only,0.3377,
7,140,Convex only,0.3299,
7,160,Convex only,0.3179,
7,180,Convex only,0.3146,
7,200,Convex only,0.2925,
8,20,Convex only,0.4662,
8,40,Convex only,0.4241,
8,60,Convex only,0.3893,
8,80,Convex only,0.3560,
8,100,Convex only,0.3164,
8,120,Convex only,0.2895,
8,140,Convex only,0.2898,
8,160,Convex only,0.2785,
8,180,Convex only,0.2635,
8,200,Convex only,0.2665,
9,20,Convex only,0.5237,
9,40,Convex only,0.4286,
9,60,Convex only,0.3710,
9,80,Convex only,0.3528,
9,100,Convex only,0.3062,
9,120,Convex only,0.3065,
9,140,Convex only,0.2936,
9,160,Convex only,0.2886,
9,180,Convex only,0.2734,
9,200,Convex only,0.2711,
10,20,Convex only,0.4376,
10,40,Convex only,0.4221,
10,60,Convex only,0.3724,
10,80,Convex only,0.3822,
10,100,Convex only,0.3543,
10,120,Convex only,0.2971,
10,140,Convex only,0.2990,
10,160,Convex only,0.2886,
10,180,Convex only,0.2781,
10,200,Convex only,0.2746,
11,20,Convex only,0.4955,
11,40,Convex only,0.3845,
11,60,Convex only,0.3694,
11,80,Convex only,0.3654,
11,100,Convex only,0.3455,
11,120,Convex only,0.3119,
11,140,Convex only,0.2881,
11,160,Convex only,0.2745,
11,180,Convex only,0.2798,
11,200,Convex only,0.2675,
12,20,Convex only,0.4328,
12,40,Convex only,0.4430,
12,60,Convex only,0.3881,
12,80,Convex only,0.3475,
12,100,Convex only,0.3262,
12,120,Convex only,0.3168,
12,140,Convex only,0.3037,
12,160,Convex only,0.2939,
12,180,Convex only,0.2724,
12,200,Convex only,0.2573,
13,20,Convex only,0.5077,
13,40,Convex only,0.3998,
13,60,Convex only,0.3625,
13,80,Convex only,0.3444,
13,100,Convex only,0.3236,
13,120,Convex only,0.3068,
13,140,Convex only,0.3034,
13,160,Convex only,0.2998,
13,180,Convex only,0.2878,
13,200,Convex only,0.2892,
14,20,Convex only,0.4276,
14,40,Convex only,0.3686,
14,60,Convex only,0.3547,
14,80,Convex only,0.3502,
14,100,Convex only,0.3134,
14,120,Convex only,0.3206,
14,140,Convex only,0.2981,
14,160,Convex only,0.2607,
14,180,Convex only,0.2751,
14,200,Convex only,0.2625,
15,20,Convex only,0.5669,
15,40,Convex only,0.3971,
15,60,Convex only,0.4087,
15,80,Convex only,0.3966,
15,100,Convex only,0.3942,
15,120,Convex only,0.3436,
15,140,Convex only,0.3244,
15,160,Convex only,0.3017,
15,180,Convex only,0.2741,
15,200,Convex only,0.2693,
16,20,Convex only,0.6248,
16,40,Convex only,0.4994,
16,60,Convex only,0.4016,
16,80,Convex only,0.3565,
16,100,Convex only,0.3154,
16,120,Convex only,0.2987,
16,140,Convex only,0.3016,
16,160,Convex only,0.2913,
16,180,Convex only,0.2758,
16,200,Convex only,0.2785,
17,20,Convex only,0.5521,
17,40,Convex only,0.4398,
17,60,Convex only,0.4394,
17,80,Convex only,0.3809,
17,100,Convex only,0.3610,
17,120,Convex only,0.3261,
17,140,Convex only,0.3275,
17,160,Convex only,0.3049,
17,180,Convex only,0.2905,
17,200,Convex only,0.2666,
18,20,Convex only,0.4936,
18,40,Convex only,0.3681,
18,60,Convex only,0.3333,
18,80,Convex only,0.3280,
18,100,Convex only,0.3307,
18,120,Convex only,0.3302,
18,140,Convex only,0.3192,
18,160,Convex only,0.2920,
18,180,Convex only,0.2807,
18,200,Convex only,0.2799,
19,20,Convex only,0.4303,
19,40,Convex only,0.3866,
19,60,Convex only,0.3714,
19,80,Convex only,0.3698,
19,100,Convex only,0.3646,
19,120,Convex only,0.3333,
19,140,Convex only,0.2923,
19,160,Convex only,0.2921,
19,180,Convex only,0.2824,
19,200,Convex only,0.2842,
0,20,Additive,0.5935,
0,40,Additive,0.7262,
0,60,Additive,0.7116,
0,80,Additive,0.7191,
0,100,Additive,0.7522,
0,120,Additive,0.7525,
0,140,Additive,0.7533,
0,160,Additive,0.7659,
0,180,Additive,0.7657,
0,200,Additive,0.7661,
1,20,Additive,0.6765,
1,40,Additive,0.7520,
1,60,Additive,0.7514,
1,80,Additive,0.7503,
1,100,Additive,0.7565,
1,120,Additive,0.7534,
1,140,Additive,0.7563,
1,160,Additive,0.7580,
1,180,Additive,0.7817,
1,200,Additive,0.7792,
2,20,Additive,0.6540,
2,40,Additive,0.6933,
2,60,Additive,0.7104,
2,80,Additive,0.7198,
2,100,Additive,0.7419,
2,120,Additive,0.7703,
2,140,Additive,0.7672,
2,160,Additive,0.7744,
2,180,Additive,0.7814,
2,200,Additive,0.7805,
3,20,Additive,0.7136,
3,40,Additive,0.6658,
3,60,Additive,0.6728,
3,80,Additive,0.7069,
3,100,Additive,0.7369,
3,120,Additive,0.7674,
3,140,Additive,0.7683,
3,160,Additive,0.7684,
3,180,Additive,0.7680,
3,200,Additive,0.7679,
4,20,Additive,0.5348,
4,40,Additive,0.6920,
4,60,Additive,0.6906,
4,80,Additive,0.7379,
4,100,Additive,0.7432,
4,120,Additive,0.7507,
4,140,Additive,0.7499,
4,160,Additive,0.7521,
4,180,Additive,0.7864,
4,200,Additive,0.7871,
5,20,Additive,0.6894,
5,40,Additive,0.6559,
5,60,Additive,0.6691,
5,80,Additive,0.6998,
5,100,Additive,0.7066,
5,120,Additive,0.7438,
5,140,Additive,0.7473,
5,160,Additive,0.7734,
5,180,Additive,0.7599,
5,200,Additive,0.7758,
6,20,Additive,0.7762,
6,40,Additive,0.7466,
6,60,Additive,0.7593,
6,80,Additive,0.7841,
6,100,Additive,0.7801,
6,120,Additive,0.7819,
6,140,Additive,0.7805,
6,160,Additive,0.7769,
6,180,Additive,0.7748,
6,200,Additive,0.7711,
7,20,Additive,0.6508,
7,40,Additive,0.6785,
7,60,Additive,0.7111,
7,80,Additive,0.7413,
7,100,Additive,0.7467,
7,120,Additive,0.7405,
7,140,Additive,0.7547,
7,160,Additive,0.7687,
7,180,Additive,0.7712,
7,200,Additive,0.7742,
8,20,Additive,0.6799,
8,40,Additive,0.6865,
8,60,Additive,0.7428,
8,80,Additive,0.7327,
8,100,Additive,0.7432,
8,120,Additive,0.7453,
8,140,Additive,0.7593,
8,160,Additive,0.7645,
8,180,Additive,0.7652,
8,200,Additive,0.7736,
9,20,Additive,0.7368,
9,40,Additive,0.5418,
9,60,Additive,0.6441,
9,80,Additive,0.7606,
9,100,Additive,0.7739,
9,120,Additive,0.7796,
9,140,Additive,0.7957,
9,160,Additive,0.7955,
9,180,Additive,0.7938,
9,200,Additive,0.7932,
10,20,Additive,0.6062,
10,40,Additive,0.6247,
10,60,Additive,0.7199,
10,80,Additive,0.7227,
10,100,Additive,0.7267,
10,120,Additive,0.7302,
10,140,Additive,0.7325,
10,160,Additive,0.7313,
10,180,Additive,0.7324,
10,200,Additive,0.7287,
11,20,Additive,0.6000,
11,40,Additive,0.7169,
11,60,Additive,0.7124,
11,80,Additive,0.7223,
11,100,Additive,0.7260,
11,120,Additive,0.7267,
11,140,Additive,0.7312,
11,160,Additive,0.7357,
11,180,Additive,0.7376,
11,200,Additive,0.7398,
12,20,Additive,0.7050,
12,40,Additive,0.7015,
12,60,Additive,0.6926,
12,80,Additive,0.7304,
12,100,Additive,0.7239,
12,120,Additive,0.7251,
12,140,Additive,0.7333,
12,160,Additive,0.7496,
12,180,Additive,0.7659,
12,200,Additive,0.7736,
13,20,Additive,0.6784,
13,40,Additive,0.6501,
13,60,Additive,0.7063,
13,80,Additive,0.7552,
13,100,Additive,0.7535,
13,120,Additive,0.7712,
13,140,Additive,0.7780,
13,160,Additive,0.7775,
13,180,Additive,0.7775,
13,200,Additive,0.7801,
14,20,Additive,0.6931,
14,40,Additive,0.6977,
14,60,Additive,0.7190,
14,80,Additive,0.7240,
14,100,Additive,0.7113,
14,120,Additive,0.7128,
14,140,Additive,0.7532,
14,160,Additive,0.7621,
14,180,Additive,0.7741,
14,200,Additive,0.7672,
15,20,Additive,0.6743,
15,40,Additive,0.6824,
15,60,Additive,0.6880,
15,80,Additive,0.6922,
15,100,Additive,0.7070,
15,120,Additive,0.7305,
15,140,Additive,0.7446,
15,160,Additive,0.7424,
15,180,Additive,0.7721,
15,200,Additive,0.7804,
16,20,Additive,0.6641,
16,40,Additive,0.6178,
16,60,Additive,0.6908,
16,80,Additive,0.7165,
16,100,Additive,0.7118,
16,120,Additive,0.7314,
16,140,Additive,0.7426,
16,160,Additive,0.7817,
16,180,Additive,0.7806,
16,200,Additive,0.7792,
17,20,Additive,0.7343,
17,40,Additive,0.7509,
17,60,Additive,0.7529,
17,80,Additive,0.7572,
17,100,Additive,0.7576,
17,120,Additive,0.7581,
17,140,Additive,0.7674,
17,160,Additive,0.7666,
17,180,Additive,0.7644,
17,200,Additive,0.7714,
18,20,Additive,0.6132,
18,40,Additive,0.6421,
18,60,Additive,0.6951,
18,80,Additive,0.6938,
18,100,Additive,0.7501,
18,120,Additive,0.7542,
18,140,Additive,0.7669,
18,160,Additive,0.7980,
18,180,Additive,0.7996,
18,200,Additive,0.7820,
19,20,Additive,0.7048,
19,40,Additive,0.6861,
19,60,Additive,0.7119,
19,80,Additive,0.7091,
19,100,Additive,0.7101,
19,120,Additive,0.7245,
19,140,Additive,0.7535,
19,160,Additive,0.7544,
19,180,Additive,0.7645,
19,200,Additive,0.7547,
0,20,Smooth,0.4394,5.8594
0,40,Smooth,0.4298,251.9531
0,60,Smooth,0.3690,632.8125
0,80,Smooth,0.3447,832.0312
0,100,Smooth,0.3484,970.7031
0,120,Smooth,0.3276,970.7031
0,140,Smooth,0.2955,970.7031
0,160,Smooth,0.2808,970.7031
0,180,Smooth,0.2733,955.0781
0,200,Smooth,0.2679,955.0781
1,20,Smooth,0.4951,13.6719
1,40,Smooth,0.3493,119.1406
1,60,Smooth,0.3719,351.5625
1,80,Smooth,0.3444,421.8750
1,100,Smooth,0.3385,830.0781
1,120,Smooth,0.3377,830.0781
1,140,Smooth,0.3238,830.0781
1,160,Smooth,0.2690,830.0781
1,180,Smooth,0.2673,830.0781
1,200,Smooth,0.2686,830.0781
2,20,Smooth,0.4294,27.3438
2,40,Smooth,0.3651,578.1250
2,60,Smooth,0.3697,888.6719
2,80,Smooth,0.3386,839.8438
2,100,Smooth,0.3034,962.8906
2,120,Smooth,0.2860,962.8906
2,140,Smooth,0.2876,906.2500
2,160,Smooth,0.2900,912.1094
2,180,Smooth,0.2774,912.1094
2,200,Smooth,0.2705,908.2031
3,20,Smooth,0.4970,7.8125
3,40,Smooth,0.3758,35.1562
3,60,Smooth,0.4074,687.5000
3,80,Smooth,0.3756,785.1562
3,100,Smooth,0.3751,908.2031
3,120,Smooth,0.3368,962.8906
3,140,Smooth,0.2997,962.8906
3,160,Smooth,0.2934,962.8906
3,180,Smooth,0.2827,500.0000
3,200,Smooth,0.2805,507.8125
4,20,Smooth,0.3008,3.9062
4,40,Smooth,0.4527,535.1562
4,60,Smooth,0.3967,886.7188
4,80,Smooth,0.3489,750.0000
4,100,Smooth,0.3665,707.0312
4,120,Smooth,0.3354,962.8906
4,140,Smooth,0.3157,611.3281
4,160,Smooth,0.2936,611.3281
4,180,Smooth,0.2980,611.3281
4,200,Smooth,0.2838,611.3281
5,20,Smooth,0.5497,132.8125
5,40,Smooth,0.3878,890.6250
5,60,Smooth,0.3647,957.0312
5,80,Smooth,0.3474,396.4844
5,100,Smooth,0.3185,910.1562
5,120,Smooth,0.3187,906.2500
5,140,Smooth,0.3051,912.1094
5,160,Smooth,0.2896,914.0625
5,180,Smooth,0.2730,916.0156
5,200,Smooth,0.2637,892.5781
6,20,Smooth,0.4391,17.5781
6,40,Smooth,0.3770,261.7188
6,60,Smooth,0.4067,720.7031
6,80,Smooth,0.3951,912.1094
6,100,Smooth,0.3617,917.9688
6,120,Smooth,0.3326,917.9688
6,140,Smooth,0.3018,917.9688
6,160,Smooth,0.2822,917.9688
6,180,Smooth,0.2789,919.9219
6,200,Smooth,0.2624,925.7812
7,20,Smooth,0.3201,25.3906
7,40,Smooth,0.3511,431.6406
7,60,Smooth,0.3689,863.2812
7,80,Smooth,0.3704,687.5000
7,100,Smooth,0.3542,708.9844
7,120,Smooth,0.3311,765.6250
7,140,Smooth,0.3279,837.8906
7,160,Smooth,0.3140,712.8906
7,180,Smooth,0.3091,736.3281
7,200,Smooth,0.2903,955.0781
8,20,Smooth,0.3622,3.9062
8,40,Smooth,0.4052,673.8281
8,60,Smooth,0.3897,841.7969
8,80,Smooth,0.3591,900.3906
8,100,Smooth,0.3149,898.4375
8,120,Smooth,0.2851,900.3906
8,140,Smooth,0.2877,900.3906
8,160,Smooth,0.2776,898.4375
8,180,Smooth,0.2634,900.3906
8,200,Smooth,0.2626,900.3906
9,20,Smooth,0.5063,21.4844
9,40,Smooth,0.3702,421.8750
9,60,Smooth,0.3762,558.5938
9,80,Smooth,0.3303,763.6719
9,100,Smooth,0.3030,763.6719
9,120,Smooth,0.2880,750.0000
9,140,Smooth,0.2853,765.6250
9,160,Smooth,0.2825,785.1562
9,180,Smooth,0.2726,785.1562
9,200,Smooth,0.2694,785.1562
10,20,Smooth,0.3368,5.8594
10,40,Smooth,0.3994,820.3125
10,60,Smooth,0.3653,927.7344
10,80,Smooth,0.3804,949.2188
10,100,Smooth,0.3516,962.8906
10,120,Smooth,0.2925,625.0000
10,140,Smooth,0.2950,640.6250
10,160,Smooth,0.2858,640.6250
10,180,Smooth,0.2768,640.6250
10,200,Smooth,0.2732,640.6250
11,20,Smooth,0.4217,11.7188
11,40,Smooth,0.2871,25.3906
11,60,Smooth,0.3449,644.5312
11,80,Smooth,0.2758,498.0469
11,100,Smooth,0.3394,960.9375
11,120,Smooth,0.3109,953.1250
11,140,Smooth,0.2849,720.7031
11,160,Smooth,0.2717,722.6562
11,180,Smooth,0.2781,722.6562
11,200,Smooth,0.2598,720.7031
12,20,Smooth,0.4975,11.7188
12,40,Smooth,0.2998,269.5312
12,60,Smooth,0.3877,402.3438
12,80,Smooth,0.3132,406.2500
12,100,Smooth,0.3234,501.9531
12,120,Smooth,0.3108,484.3750
12,140,Smooth,0.3012,572.2656
12,160,Smooth,0.2913,613.2812
12,180,Smooth,0.2705,613.2812
12,200,Smooth,0.2545,677.7344
13,20,Smooth,0.5278,13.6719
13,40,Smooth,0.3332,320.3125
13,60,Smooth,0.2801,773.4375
13,80,Smooth,0.3383,904.2969
13,100,Smooth,0.3125,640.6250
13,120,Smooth,0.3041,634.7656
13,140,Smooth,0.3003,636.7188
13,160,Smooth,0.3003,640.6250
13,180,Smooth,0.2860,640.6250
13,200,Smooth,0.2878,640.6250
14,20,Smooth,0.4898,13.6719
14,40,Smooth,0.3625,37.1094
14,60,Smooth,0.3631,287.1094
14,80,Smooth,0.3473,810.5469
14,100,Smooth,0.3111,962.8906
14,120,Smooth,0.3186,960.9375
14,140,Smooth,0.2920,966.7969
14,160,Smooth,0.2590,964.8438
14,180,Smooth,0.2724,962.8906
14,200,Smooth,0.2603,964.8438
15,20,Smooth,0.5624,285.1562
15,40,Smooth,0.2844,300.7812
15,60,Smooth,0.2846,634.7656
15,80,Smooth,0.3156,750.0000
15,100,Smooth,0.3907,833.9844
15,120,Smooth,0.3400,837.8906
15,140,Smooth,0.3224,564.4531
15,160,Smooth,0.3046,562.5000
15,180,Smooth,0.2747,914.0625
15,200,Smooth,0.2712,914.0625
16,20,Smooth,0.6034,70.3125
16,40,Smooth,0.3753,265.6250
16,60,Smooth,0.3038,369.1406
16,80,Smooth,0.3544,824.2188
16,100,Smooth,0.3133,951.1719
16,120,Smooth,0.2957,955.0781
16,140,Smooth,0.2974,957.0312
16,160,Smooth,0.2883,763.6719
16,180,Smooth,0.2771,753.9062
16,200,Smooth,0.2771,763.6719
17,20,Smooth,0.5337,392.5781
17,40,Smooth,0.3660,697.2656
17,60,Smooth,0.3835,701.1719
17,80,Smooth,0.3799,978.5156
17,100,Smooth,0.3577,980.4688
17,120,Smooth,0.3228,980.4688
17,140,Smooth,0.3221,755.8594
17,160,Smooth,0.3019,755.8594
17,180,Smooth,0.2907,914.0625
17,200,Smooth,0.2664,914.0625
18,20,Smooth,0.4492,27.3438
18,40,Smooth,0.3040,396.4844
18,60,Smooth,0.3360,939.4531
18,80,Smooth,0.3271,949.2188
18,100,Smooth,0.3302,955.0781
18,120,Smooth,0.3259,958.9844
18,140,Smooth,0.3154,958.9844
18,160,Smooth,0.2892,869.1406
18,180,Smooth,0.2789,828.1250
18,200,Smooth,0.2776,832.0312
19,20,Smooth,0.4033,5.8594
19,40,Smooth,0.3415,289.0625
19,60,Smooth,0.3712,968.7500
19,80,Smooth,0.3684,968.7500
19,100,Smooth,0.3617,970.7031
19,120,Smooth,0.3337,914.0625
19,140,Smooth,0.2910,914.0625
19,160,Smooth,0.2907,914.0625
19,180,Smooth,0.2793,912.1094
19,200,Smooth,0.2818,912.1094
0,20,Additive+Smooth,0.5722,13.6719
0,40,Additive+Smooth,0.7022,3.9062
0,60,Additive+Smooth,0.6719,0.9766
0,80,Additive+Smooth,0.6905,0.9766
0,100,Additive+Smooth,0.7423,0.9766
0,120,Additive+Smooth,0.7453,0.9766
0,140,Additive+Smooth,0.7466,0.9766
0,160,Additive+Smooth,0.7422,0.9766
0,180,Additive+Smooth,0.7425,0.9766
0,200,Additive+Smooth,0.7445,
1,20,Additive+Smooth,0.6278,0.9766
1,40,Additive+Smooth,0.7046,0.9766
1,60,Additive+Smooth,0.7273,0.9766
1,80,Additive+Smooth,0.7186,0.9766
1,100,Additive+Smooth,0.7190,0.9766
1,120,Additive+Smooth,0.7181,0.9766
1,140,Additive+Smooth,0.7184,0.9766
1,160,Additive+Smooth,0.7266,0.9766
1,180,Additive+Smooth,0.7462,0.9766
1,200,Additive+Smooth,0.7455,
2,20,Additive+Smooth,0.5174,0.9766
2,40,Additive+Smooth,0.6133,0.9766
2,60,Additive+Smooth,0.6620,0.9766
2,80,Additive+Smooth,0.6729,0.9766
2,100,Additive+Smooth,0.7103,0.9766
2,120,Additive+Smooth,0.7452,0.9766
2,140,Additive+Smooth,0.7451,0.9766
2,160,Additive+Smooth,0.7467,0.9766
2,180,Additive+Smooth,0.7535,0.9766
2,200,Additive+Smooth,0.7540,
3,20,Additive+Smooth,0.5728,0.9766
3,40,Additive+Smooth,0.5905,0.9766
3,60,Additive+Smooth,0.6464,0.9766
3,80,Additive+Smooth,0.6669,0.9766
3,100,Additive+Smooth,0.7134,0.9766
3,120,Additive+Smooth,0.7432,0.9766
3,140,Additive+Smooth,0.7439,0.9766
3,160,Additive+Smooth,0.7447,0.9766
3,180,Additive+Smooth,0.7435,0.9766
3,200,Additive+Smooth,0.7425,
4,20,Additive+Smooth,0.4902,3.9062
4,40,Additive+Smooth,0.6197,0.9766
4,60,Additive+Smooth,0.6608,0.9766
4,80,Additive+Smooth,0.6915,0.9766
4,100,Additive+Smooth,0.7142,0.9766
4,120,Additive+Smooth,0.7271,0.9766
4,140,Additive+Smooth,0.7288,0.9766
4,160,Additive+Smooth,0.7315,0.9766
4,180,Additive+Smooth,0.7646,0.9766
4,200,Additive+Smooth,0.7677,0.9766
5,20,Additive+Smooth,0.5523,0.9766
5,40,Additive+Smooth,0.5746,0.9766
5,60,Additive+Smooth,0.6299,0.9766
5,80,Additive+Smooth,0.6645,0.9766
5,100,Additive+Smooth,0.6818,0.9766
5,120,Additive+Smooth,0.6966,0.9766
5,140,Additive+Smooth,0.7130,0.9766
5,160,Additive+Smooth,0.7392,0.9766
5,180,Additive+Smooth,0.7418,0.9766
5,200,Additive+Smooth,0.7530,0.9766
6,20,Additive+Smooth,0.7168,0.9766
6,40,Additive+Smooth,0.7133,0.9766
6,60,Additive+Smooth,0.7158,0.9766
6,80,Additive+Smooth,0.7338,0.9766
6,100,Additive+Smooth,0.7319,0.9766
6,120,Additive+Smooth,0.7290,0.9766
6,140,Additive+Smooth,0.7292,0.9766
6,160,Additive+Smooth,0.7435,0.9766
6,180,Additive+Smooth,0.7573,0.9766
6,200,Additive+Smooth,0.7546,0.9766
7,20,Additive+Smooth,0.5941,0.9766
7,40,Additive+Smooth,0.6211,0.9766
7,60,Additive+Smooth,0.6691,2.9297
7,80,Additive+Smooth,0.7100,0.9766
7,100,Additive+Smooth,0.7172,0.9766
7,120,Additive+Smooth,0.7182,0.9766
7,140,Additive+Smooth,0.7269,0.9766
7,160,Additive+Smooth,0.7320,0.9766
7,180,Additive+Smooth,0.7394,0.9766
7,200,Additive+Smooth,0.7520,0.9766
8,20,Additive+Smooth,0.6429,4.8828
8,40,Additive+Smooth,0.6500,2.9297
8,60,Additive+Smooth,0.7187,1.9531
8,80,Additive+Smooth,0.7229,0.9766
8,100,Additive+Smooth,0.7262,0.9766
8,120,Additive+Smooth,0.7295,0.9766
8,140,Additive+Smooth,0.7412,0.9766
8,160,Additive+Smooth,0.7457,0.9766
8,180,Additive+Smooth,0.7473,0.9766
8,200,Additive+Smooth,0.7528,0.9766
9,20,Additive+Smooth,0.5714,0.9766
9,40,Additive+Smooth,0.5470,0.9766
9,60,Additive+Smooth,0.6118,0.9766
9,80,Additive+Smooth,0.7223,0.9766
9,100,Additive+Smooth,0.7494,0.9766
9,120,Additive+Smooth,0.7532,0.9766
9,140,Additive+Smooth,0.7747,0.9766
9,160,Additive+Smooth,0.7746,0.9766
9,180,Additive+Smooth,0.7713,0.9766
9,200,Additive+Smooth,0.7740,0.9766
10,20,Additive+Smooth,0.5315,1.9531
10,40,Additive+Smooth,0.6009,1.9531
10,60,Additive+Smooth,0.6782,0.9766
10,80,Additive+Smooth,0.6769,0.9766
10,100,Additive+Smooth,0.6987,0.9766
10,120,Additive+Smooth,0.7003,0.9766
10,140,Additive+Smooth,0.7045,0.9766
10,160,Additive+Smooth,0.7060,0.9766
10,180,Additive+Smooth,0.7067,0.9766
10,200,Additive+Smooth,0.7109,0.9766
11,20,Additive+Smooth,0.5885,11.7188
11,40,Additive+Smooth,0.6582,0.9766
11,60,Additive+Smooth,0.7146,96.6797
11,80,Additive+Smooth,0.6705,0.9766
11,100,Additive+Smooth,0.6927,0.9766
11,120,Additive+Smooth,0.6964,0.9766
11,140,Additive+Smooth,0.7176,0.9766
11,160,Additive+Smooth,0.7196,0.9766
11,180,Additive+Smooth,0.7277,0.9766
11,200,Additive+Smooth,0.7295,0.9766
12,20,Additive+Smooth,0.6316,0.9766
12,40,Additive+Smooth,0.6523,0.9766
12,60,Additive+Smooth,0.6643,0.9766
12,80,Additive+Smooth,0.7033,0.9766
12,100,Additive+Smooth,0.7039,0.9766
12,120,Additive+Smooth,0.7068,0.9766
12,140,Additive+Smooth,0.7240,0.9766
12,160,Additive+Smooth,0.7309,0.9766
12,180,Additive+Smooth,0.7436,0.9766
12,200,Additive+Smooth,0.7430,0.9766
13,20,Additive+Smooth,0.6383,2.9297
13,40,Additive+Smooth,0.6068,0.9766
13,60,Additive+Smooth,0.6646,0.9766
13,80,Additive+Smooth,0.7177,0.9766
13,100,Additive+Smooth,0.7191,0.9766
13,120,Additive+Smooth,0.7689,0.9766
13,140,Additive+Smooth,0.7680,0.9766
13,160,Additive+Smooth,0.7668,0.9766
13,180,Additive+Smooth,0.7674,0.9766
13,200,Additive+Smooth,0.7684,0.9766
14,20,Additive+Smooth,0.6497,0.9766
14,40,Additive+Smooth,0.6535,0.9766
14,60,Additive+Smooth,0.6787,0.9766
14,80,Additive+Smooth,0.6891,0.9766
14,100,Additive+Smooth,0.6843,0.9766
14,120,Additive+Smooth,0.7039,0.9766
14,140,Additive+Smooth,0.7244,0.9766
14,160,Additive+Smooth,0.7387,0.9766
14,180,Additive+Smooth,0.7429,0.9766
14,200,Additive+Smooth,0.7437,0.9766
15,20,Additive+Smooth,0.6045,0.9766
15,40,Additive+Smooth,0.6631,3.9062
15,60,Additive+Smooth,0.6489,0.9766
15,80,Additive+Smooth,0.6762,0.9766
15,100,Additive+Smooth,0.6844,0.9766
15,120,Additive+Smooth,0.7171,0.9766
15,140,Additive+Smooth,0.7463,0.9766
15,160,Additive+Smooth,0.7447,0.9766
15,180,Additive+Smooth,0.7540,0.9766
15,200,Additive+Smooth,0.7593,0.9766
16,20,Additive+Smooth,0.6323,0.9766
16,40,Additive+Smooth,0.6134,0.9766
16,60,Additive+Smooth,0.6490,0.9766
16,80,Additive+Smooth,0.6603,0.9766
16,100,Additive+Smooth,0.6710,0.9766
16,120,Additive+Smooth,0.7000,0.9766
16,140,Additive+Smooth,0.7096,0.9766
16,160,Additive+Smooth,0.7479,0.9766
16,180,Additive+Smooth,0.7546,0.9766
16,200,Additive+Smooth,0.7547,0.9766
17,20,Additive+Smooth,0.6856,0.9766
17,40,Additive+Smooth,0.7266,0.9766
17,60,Additive+Smooth,0.7266,0.9766
17,80,Additive+Smooth,0.7278,0.9766
17,100,Additive+Smooth,0.7303,0.9766
17,120,Additive+Smooth,0.7283,0.9766
17,140,Additive+Smooth,0.7334,0.9766
17,160,Additive+Smooth,0.7381,1.9531
17,180,Additive+Smooth,0.7369,1.9531
17,200,Additive+Smooth,0.7429,1.9531
18,20,Additive+Smooth,0.5988,0.9766
18,40,Additive+Smooth,0.5998,2.9297
18,60,Additive+Smooth,0.6519,2.9297
18,80,Additive+Smooth,0.6671,1.9531
18,100,Additive+Smooth,0.6950,1.9531
18,120,Additive+Smooth,0.7215,1.9531
18,140,Additive+Smooth,0.7165,0.9766
18,160,Additive+Smooth,0.7490,0.9766
18,180,Additive+Smooth,0.7579,0.9766
18,200,Additive+Smooth,0.7555,0.9766
19,20,Additive+Smooth,0.6841,2.9297
19,40,Additive+Smooth,0.6499,0.9766
19,60,Additive+Smooth,0.6842,0.9766
19,80,Additive+Smooth,0.6775,0.9766
19,100,Additive+Smooth,0.6872,0.9766
19,120,Additive+Smooth,0.6870,0.9766
19,140,Additive+Smooth,0.7162,0.9766
19,160,Additive+Smooth,0.7117,0.9766
19,180,Additive+Smooth,0.7383,0.9766
19,200,Additive+Smooth,0.7490,1.9531
